acc,tpr,fpr,tnr,fnr,prec,rec,f1
0.600000,0.666667,0.428571,0.571429,0.333333,0.400000,0.666667,0.500000
